,title,artist,danceability,energy,key,loudness,mode,speechiness,acousticness,instrumentalness,liveness,valence,tempo,type,id,uri,track_href,analysis_url,duration_ms,time_signature
0,Rockin' Around The Christmas Tree,Brenda Lee,0.589,0.472,8,-8.749,1,0.0502,0.614,0.0,0.505,0.898,67.196,audio_features,2EjXfH91m7f8HiJN1yQg97,spotify:track:2EjXfH91m7f8HiJN1yQg97,https://api.spotify.com/v1/tracks/2EjXfH91m7f8HiJN1yQg97,https://api.spotify.com/v1/audio-analysis/2EjXfH91m7f8HiJN1yQg97,126267,4
1,All I Want For Christmas Is You,Mariah Carey,0.336,0.627,7,-7.463,1,0.0384,0.164,0.0,0.0708,0.35,150.273,audio_features,0bYg9bo50gSsH3LtXe2SQn,spotify:track:0bYg9bo50gSsH3LtXe2SQn,https://api.spotify.com/v1/tracks/0bYg9bo50gSsH3LtXe2SQn,https://api.spotify.com/v1/audio-analysis/0bYg9bo50gSsH3LtXe2SQn,241107,4
2,Jingle Bell Rock,Bobby Helms,0.754,0.424,2,-8.463,1,0.0363,0.643,0.0,0.0652,0.806,119.705,audio_features,7vQbuQcyTflfCIOu3Uzzya,spotify:track:7vQbuQcyTflfCIOu3Uzzya,https://api.spotify.com/v1/tracks/7vQbuQcyTflfCIOu3Uzzya,https://api.spotify.com/v1/audio-analysis/7vQbuQcyTflfCIOu3Uzzya,130973,4
3,Last Christmas,Wham!,0.735,0.478,2,-12.472,1,0.0293,0.189,2.48e-06,0.355,0.947,107.682,audio_features,2FRnf9qhLbvw8fu4IBXx78,spotify:track:2FRnf9qhLbvw8fu4IBXx78,https://api.spotify.com/v1/tracks/2FRnf9qhLbvw8fu4IBXx78,https://api.spotify.com/v1/audio-analysis/2FRnf9qhLbvw8fu4IBXx78,262960,4
4,A Holly Jolly Christmas,Burl Ives,0.683,0.375,0,-13.056,1,0.0303,0.579,0.0,0.076,0.888,140.467,audio_features,77khP2fIVhSW23NwxrRluh,spotify:track:77khP2fIVhSW23NwxrRluh,https://api.spotify.com/v1/tracks/77khP2fIVhSW23NwxrRluh,https://api.spotify.com/v1/audio-analysis/77khP2fIVhSW23NwxrRluh,135533,4
5,It's The Most Wonderful Time Of The Year,Andy Williams,0.24,0.598,7,-8.435,1,0.0369,0.766,0.0,0.117,0.776,201.629,audio_features,5hslUAKq9I9CG2bAulFkHN,spotify:track:5hslUAKq9I9CG2bAulFkHN,https://api.spotify.com/v1/tracks/5hslUAKq9I9CG2bAulFkHN,https://api.spotify.com/v1/audio-analysis/5hslUAKq9I9CG2bAulFkHN,151933,3
6,"Let It Snow, Let It Snow, Let It Snow!",Dean Martin,0.451,0.24,1,-14.014,1,0.0351,0.912,2.45e-06,0.175,0.701,134.009,audio_features,2uFaJJtFpPDc5Pa95XzTvg,spotify:track:2uFaJJtFpPDc5Pa95XzTvg,https://api.spotify.com/v1/tracks/2uFaJJtFpPDc5Pa95XzTvg,https://api.spotify.com/v1/audio-analysis/2uFaJJtFpPDc5Pa95XzTvg,117147,4
7,Feliz Navidad,Jose Feliciano,0.513,0.831,2,-9.004,1,0.0383,0.55,0.0,0.336,0.963,148.837,audio_features,0oPdaY4dXtc3ZsaG17V972,spotify:track:0oPdaY4dXtc3ZsaG17V972,https://api.spotify.com/v1/tracks/0oPdaY4dXtc3ZsaG17V972,https://api.spotify.com/v1/audio-analysis/0oPdaY4dXtc3ZsaG17V972,182067,4
8,Lovin On Me,Jack Harlow,0.943,0.558,2,-4.911,1,0.0568,0.0026,2.19e-06,0.0937,0.606,104.983,audio_features,4xhsWYTOGcal8zt0J161CU,spotify:track:4xhsWYTOGcal8zt0J161CU,https://api.spotify.com/v1/tracks/4xhsWYTOGcal8zt0J161CU,https://api.spotify.com/v1/audio-analysis/4xhsWYTOGcal8zt0J161CU,138411,4
9,Sleigh Ride,The Ronettes,0.529,0.772,2,-7.013,1,0.0287,0.403,2.21e-06,0.316,0.853,91.751,audio_features,5ASM6Qjiav2xPe7gRkQMsQ,spotify:track:5ASM6Qjiav2xPe7gRkQMsQ,https://api.spotify.com/v1/tracks/5ASM6Qjiav2xPe7gRkQMsQ,https://api.spotify.com/v1/audio-analysis/5ASM6Qjiav2xPe7gRkQMsQ,181267,4
10,Santa Tell Me,Ariana Grande,0.525,0.621,7,-7.364,1,0.116,0.0489,0.0,0.294,0.591,191.9,audio_features,0lizgQ7Qw35od7CYaoMBZb,spotify:track:0lizgQ7Qw35od7CYaoMBZb,https://api.spotify.com/v1/tracks/0lizgQ7Qw35od7CYaoMBZb,https://api.spotify.com/v1/audio-analysis/0lizgQ7Qw35od7CYaoMBZb,204093,4
11,The Christmas Song (Merry Christmas To You),"Nat ""King"" Cole",0.221,0.106,0,-17.06,1,0.0371,0.903,2.27e-05,0.164,0.143,79.415,audio_features,7uhWhGcR3kn9czLKlbO46q,spotify:track:7uhWhGcR3kn9czLKlbO46q,https://api.spotify.com/v1/tracks/7uhWhGcR3kn9czLKlbO46q,https://api.spotify.com/v1/audio-analysis/7uhWhGcR3kn9czLKlbO46q,206667,4
12,Underneath The Tree,Kelly Clarkson,0.509,0.812,8,-5.439,1,0.0537,0.00128,1.99e-05,0.214,0.689,159.878,audio_features,3YZE5qDV7u1ZD1gZc47ZeR,spotify:track:3YZE5qDV7u1ZD1gZc47ZeR,https://api.spotify.com/v1/tracks/3YZE5qDV7u1ZD1gZc47ZeR,https://api.spotify.com/v1/audio-analysis/3YZE5qDV7u1ZD1gZc47ZeR,229640,4
13,White Christmas,Bing Crosby With Ken Darby Singers & John Scott Trotter & His Orchestra,0.578,0.182,8,-10.424,1,0.0445,0.825,5e-06,0.144,0.477,127.374,audio_features,72Z28IsvEVLjSWdUKEQgZ0,spotify:track:72Z28IsvEVLjSWdUKEQgZ0,https://api.spotify.com/v1/tracks/72Z28IsvEVLjSWdUKEQgZ0,https://api.spotify.com/v1/audio-analysis/72Z28IsvEVLjSWdUKEQgZ0,158533,4
14,Christmas (Baby Please Come Home),Darlene Love,0.325,0.759,8,-7.146,1,0.053,0.395,0.000362,0.0773,0.36,126.627,audio_features,46pF1zFimM582ss1PrMy68,spotify:track:46pF1zFimM582ss1PrMy68,https://api.spotify.com/v1/tracks/46pF1zFimM582ss1PrMy68,https://api.spotify.com/v1/audio-analysis/46pF1zFimM582ss1PrMy68,166453,4
15,Jingle Bells,Frank Sinatra With The Orchestra & Chorus Of Gordon Jenkins,0.706,0.383,8,-11.44,1,0.0342,0.758,0.0,0.0608,0.87,86.997,audio_features,4KV9bM7a1KDc7b7OakFZic,spotify:track:4KV9bM7a1KDc7b7OakFZic,https://api.spotify.com/v1/tracks/4KV9bM7a1KDc7b7OakFZic,https://api.spotify.com/v1/audio-analysis/4KV9bM7a1KDc7b7OakFZic,122160,4
16,Deck The Halls,Nat King Cole,0.684,0.437,9,-10.522,1,0.0491,0.742,1.58e-05,0.224,0.964,107.607,audio_features,0rHToGels2lt8Y0mCYoF90,spotify:track:0rHToGels2lt8Y0mCYoF90,https://api.spotify.com/v1/tracks/0rHToGels2lt8Y0mCYoF90,https://api.spotify.com/v1/audio-analysis/0rHToGels2lt8Y0mCYoF90,68760,4
17,Blue Christmas,Elvis Presley,0.465,0.27,4,-16.661,1,0.0425,0.9,0.00104,0.145,0.58,94.518,audio_features,3QiAAp20rPC3dcAtKtMaqQ,spotify:track:3QiAAp20rPC3dcAtKtMaqQ,https://api.spotify.com/v1/tracks/3QiAAp20rPC3dcAtKtMaqQ,https://api.spotify.com/v1/audio-analysis/3QiAAp20rPC3dcAtKtMaqQ,129173,4
18,Cruel Summer,Taylor Swift,0.552,0.702,9,-5.707,1,0.157,0.117,2.06e-05,0.105,0.564,169.994,audio_features,1BxfuPKGuaTgP7aM0Bbdwr,spotify:track:1BxfuPKGuaTgP7aM0Bbdwr,https://api.spotify.com/v1/tracks/1BxfuPKGuaTgP7aM0Bbdwr,https://api.spotify.com/v1/audio-analysis/1BxfuPKGuaTgP7aM0Bbdwr,178427,4
19,Santa Baby,Eartha Kitt With Henri Rene And His Orchestra,0.704,0.103,5,-15.056,0,0.0607,0.897,0.0,0.192,0.468,84.475,audio_features,1vZKP9XURuqMp1SpXGnoyb,spotify:track:1vZKP9XURuqMp1SpXGnoyb,https://api.spotify.com/v1/tracks/1vZKP9XURuqMp1SpXGnoyb,https://api.spotify.com/v1/audio-analysis/1vZKP9XURuqMp1SpXGnoyb,206507,4
20,Here Comes Santa Claus (Right Down Santa Claus Lane),Gene Autry,0.575,0.236,2,-16.982,1,0.0422,0.968,0.0178,0.105,0.829,79.576,audio_features,7n7VsX3sv66znBwA8b5uhp,spotify:track:7n7VsX3sv66znBwA8b5uhp,https://api.spotify.com/v1/tracks/7n7VsX3sv66znBwA8b5uhp,https://api.spotify.com/v1/audio-analysis/7n7VsX3sv66znBwA8b5uhp,115827,4
21,Run Rudolph Run,Chuck Berry,0.681,0.715,7,-10.609,0,0.0912,0.812,9.43e-06,0.0777,0.957,152.132,audio_features,2pnPe4pJtq7689i5ydzvJJ,spotify:track:2pnPe4pJtq7689i5ydzvJJ,https://api.spotify.com/v1/tracks/2pnPe4pJtq7689i5ydzvJJ,https://api.spotify.com/v1/audio-analysis/2pnPe4pJtq7689i5ydzvJJ,165733,4
22,It's Beginning To Look A Lot Like Christmas,Michael Buble,0.339,0.214,4,-11.714,1,0.0375,0.908,7.47e-06,0.341,0.363,94.775,audio_features,5a1iz510sv2W9Dt1MvFd5R,spotify:track:5a1iz510sv2W9Dt1MvFd5R,https://api.spotify.com/v1/tracks/5a1iz510sv2W9Dt1MvFd5R,https://api.spotify.com/v1/audio-analysis/5a1iz510sv2W9Dt1MvFd5R,206640,3
23,Greedy,Tate McRae,0.75,0.733,6,-3.18,0,0.0319,0.256,0.0,0.114,0.844,111.018,audio_features,3rUGC1vUpkDG9CZFHMur1t,spotify:track:3rUGC1vUpkDG9CZFHMur1t,https://api.spotify.com/v1/tracks/3rUGC1vUpkDG9CZFHMur1t,https://api.spotify.com/v1/audio-analysis/3rUGC1vUpkDG9CZFHMur1t,131872,1
24,Little Saint Nick,The Beach Boys,0.546,0.655,6,-7.015,1,0.0456,0.464,0.0,0.0791,0.961,129.385,audio_features,75dfH68JDisE8dDaD4KlVY,spotify:track:75dfH68JDisE8dDaD4KlVY,https://api.spotify.com/v1/tracks/75dfH68JDisE8dDaD4KlVY,https://api.spotify.com/v1/audio-analysis/75dfH68JDisE8dDaD4KlVY,130680,4
25,Wonderful Christmastime,Paul McCartney,0.774,0.511,11,-8.914,1,0.0319,0.322,0.0,0.0672,0.771,94.736,audio_features,1SV1fxF65n9NhRHp3KlBuu,spotify:track:1SV1fxF65n9NhRHp3KlBuu,https://api.spotify.com/v1/tracks/1SV1fxF65n9NhRHp3KlBuu,https://api.spotify.com/v1/audio-analysis/1SV1fxF65n9NhRHp3KlBuu,227653,4
26,It's Beginning To Look A Lot Like Christmas,Perry Como And The Fontane Sisters With Mitchell Ayres And His Orchestra,0.339,0.214,4,-11.714,1,0.0375,0.908,7.47e-06,0.341,0.363,94.775,audio_features,5a1iz510sv2W9Dt1MvFd5R,spotify:track:5a1iz510sv2W9Dt1MvFd5R,https://api.spotify.com/v1/tracks/5a1iz510sv2W9Dt1MvFd5R,https://api.spotify.com/v1/audio-analysis/5a1iz510sv2W9Dt1MvFd5R,206640,3
27,Please Come Home For Christmas,Eagles,0.612,0.289,9,-11.568,1,0.0421,0.599,0.00266,0.0561,0.466,183.18,audio_features,3QIoEi8Enr9uHffwInGIsC,spotify:track:3QIoEi8Enr9uHffwInGIsC,https://api.spotify.com/v1/tracks/3QIoEi8Enr9uHffwInGIsC,https://api.spotify.com/v1/audio-analysis/3QIoEi8Enr9uHffwInGIsC,177440,3
28,Paint The Town Red,Doja Cat,0.868,0.538,5,-8.603,1,0.174,0.269,3.34e-06,0.0901,0.732,99.968,audio_features,2IGMVunIBsBLtEQyoI1Mu7,spotify:track:2IGMVunIBsBLtEQyoI1Mu7,https://api.spotify.com/v1/tracks/2IGMVunIBsBLtEQyoI1Mu7,https://api.spotify.com/v1/audio-analysis/2IGMVunIBsBLtEQyoI1Mu7,231750,4
29,Santa Claus Is Comin' To Town,Jackson 5,0.357,0.668,0,-8.444,1,0.0479,0.362,1.37e-06,0.727,0.407,139.986,audio_features,6s2wpWPFPAgKg2LXxi1Oee,spotify:track:6s2wpWPFPAgKg2LXxi1Oee,https://api.spotify.com/v1/tracks/6s2wpWPFPAgKg2LXxi1Oee,https://api.spotify.com/v1/audio-analysis/6s2wpWPFPAgKg2LXxi1Oee,267600,4
30,I Remember Everything,Zach Bryan Featuring Kacey Musgraves,0.429,0.453,0,-7.746,1,0.0459,0.554,2e-06,0.102,0.155,77.639,audio_features,4KULAymBBJcPRpk1yO4dOG,spotify:track:4KULAymBBJcPRpk1yO4dOG,https://api.spotify.com/v1/tracks/4KULAymBBJcPRpk1yO4dOG,https://api.spotify.com/v1/audio-analysis/4KULAymBBJcPRpk1yO4dOG,227196,4
31,Water,Tyla,0.673,0.722,3,-3.495,0,0.0755,0.0856,0.0,0.137,0.519,117.187,audio_features,5aIVCx5tnk0ntmdiinnYvw,spotify:track:5aIVCx5tnk0ntmdiinnYvw,https://api.spotify.com/v1/tracks/5aIVCx5tnk0ntmdiinnYvw,https://api.spotify.com/v1/audio-analysis/5aIVCx5tnk0ntmdiinnYvw,200256,4
32,"You're A Mean One, Mr. Grinch",Thurl Ravenscroft,0.567,0.68,3,-6.254,0,0.0518,0.0621,0.0,0.519,0.429,89.987,audio_features,5xQskDSiHQeoebxoprn3HL,spotify:track:5xQskDSiHQeoebxoprn3HL,https://api.spotify.com/v1/tracks/5xQskDSiHQeoebxoprn3HL,https://api.spotify.com/v1/audio-analysis/5xQskDSiHQeoebxoprn3HL,108987,4
33,This Christmas,Donny Hathaway,0.634,0.645,5,-9.2,1,0.0376,0.292,0.0,0.246,0.677,93.047,audio_features,38xhBO2AKrJnjdjVnhJES6,spotify:track:38xhBO2AKrJnjdjVnhJES6,https://api.spotify.com/v1/tracks/38xhBO2AKrJnjdjVnhJES6,https://api.spotify.com/v1/audio-analysis/38xhBO2AKrJnjdjVnhJES6,231173,4
34,Agora Hills,Doja Cat,0.75,0.674,8,-6.128,0,0.097,0.228,8.91e-05,0.122,0.392,123.026,audio_features,7dJYggqjKo71KI9sLzqCs8,spotify:track:7dJYggqjKo71KI9sLzqCs8,https://api.spotify.com/v1/tracks/7dJYggqjKo71KI9sLzqCs8,https://api.spotify.com/v1/audio-analysis/7dJYggqjKo71KI9sLzqCs8,265360,4
35,Last Night,Morgan Wallen,0.517,0.675,6,-5.382,1,0.0357,0.459,0.0,0.151,0.518,203.853,audio_features,59uQI0PADDKeE6UZDTJEe8,spotify:track:59uQI0PADDKeE6UZDTJEe8,https://api.spotify.com/v1/tracks/59uQI0PADDKeE6UZDTJEe8,https://api.spotify.com/v1/audio-analysis/59uQI0PADDKeE6UZDTJEe8,163855,4
36,Mistletoe,Justin Bieber,0.657,0.56,6,-9.049,0,0.0467,0.498,0.0,0.0794,0.854,161.993,audio_features,7xapw9Oy21WpfEcib2ErSA,spotify:track:7xapw9Oy21WpfEcib2ErSA,https://api.spotify.com/v1/tracks/7xapw9Oy21WpfEcib2ErSA,https://api.spotify.com/v1/audio-analysis/7xapw9Oy21WpfEcib2ErSA,182947,4
37,Happy Holiday / The Holiday Season,Andy Williams,0.505,0.451,9,-10.193,0,0.0329,0.727,0.0,0.233,0.744,74.347,audio_features,3sDdyBHQ60Cs1opmIyRvhp,spotify:track:3sDdyBHQ60Cs1opmIyRvhp,https://api.spotify.com/v1/tracks/3sDdyBHQ60Cs1opmIyRvhp,https://api.spotify.com/v1/audio-analysis/3sDdyBHQ60Cs1opmIyRvhp,156867,4
38,Christmastime Is Here,Vince Guaraldi Trio,0.34,0.198,0,-14.098,1,0.0303,0.95,0.0,0.112,0.0511,82.978,audio_features,2L0KL66EuxLHiJZX7Uj6I3,spotify:track:2L0KL66EuxLHiJZX7Uj6I3,https://api.spotify.com/v1/tracks/2L0KL66EuxLHiJZX7Uj6I3,https://api.spotify.com/v1/audio-analysis/2L0KL66EuxLHiJZX7Uj6I3,138240,3
39,Like It's Christmas,Jonas Brothers,0.725,0.571,1,-6.007,1,0.102,0.0183,0.0,0.0519,0.61,146.035,audio_features,1OjmlSFuzYflWjSMTCyTJv,spotify:track:1OjmlSFuzYflWjSMTCyTJv,https://api.spotify.com/v1/tracks/1OjmlSFuzYflWjSMTCyTJv,https://api.spotify.com/v1/audio-analysis/1OjmlSFuzYflWjSMTCyTJv,200880,4
40,Have Yourself A Merry Little Christmas,Michael Buble,0.262,0.137,8,-15.235,1,0.0344,0.913,6.74e-06,0.267,0.288,92.183,audio_features,2FPfeYlrbSBR8PwCU0zaqq,spotify:track:2FPfeYlrbSBR8PwCU0zaqq,https://api.spotify.com/v1/tracks/2FPfeYlrbSBR8PwCU0zaqq,https://api.spotify.com/v1/audio-analysis/2FPfeYlrbSBR8PwCU0zaqq,206600,3
41,Happy Xmas (War Is Over),John & Yoko/The Plastic Ono Band With The Harlem Community Choir,0.321,0.64,2,-10.023,1,0.0324,0.28,0.0,0.718,0.414,146.172,audio_features,27RYrbL6S02LNVhDWVl38b,spotify:track:27RYrbL6S02LNVhDWVl38b,https://api.spotify.com/v1/tracks/27RYrbL6S02LNVhDWVl38b,https://api.spotify.com/v1/audio-analysis/27RYrbL6S02LNVhDWVl38b,214333,3
42,I Saw Mommy Kissing Santa Claus,Jackson 5,0.583,0.712,3,-8.222,1,0.0538,0.263,1.02e-06,0.817,0.614,128.897,audio_features,15sxLiiChE5dCW3Y756oas,spotify:track:15sxLiiChE5dCW3Y756oas,https://api.spotify.com/v1/tracks/15sxLiiChE5dCW3Y756oas,https://api.spotify.com/v1/audio-analysis/15sxLiiChE5dCW3Y756oas,181267,4
43,Thinkin' Bout Me,Morgan Wallen,0.656,0.757,3,-5.775,0,0.0308,0.492,0.0,0.117,0.429,139.971,audio_features,0PAcdVzhPO4gq1Iym9ESnK,spotify:track:0PAcdVzhPO4gq1Iym9ESnK,https://api.spotify.com/v1/tracks/0PAcdVzhPO4gq1Iym9ESnK,https://api.spotify.com/v1/audio-analysis/0PAcdVzhPO4gq1Iym9ESnK,177388,4
44,Rudolph The Red-Nosed Reindeer,Gene Autry & The Pinafores,0.629,0.159,8,-14.056,1,0.0495,0.883,0.0,0.222,0.642,142.157,audio_features,1dtIaSlyrLI04sqYa8nLyN,spotify:track:1dtIaSlyrLI04sqYa8nLyN,https://api.spotify.com/v1/tracks/1dtIaSlyrLI04sqYa8nLyN,https://api.spotify.com/v1/audio-analysis/1dtIaSlyrLI04sqYa8nLyN,186733,4
45,Merry Christmas,Ed Sheeran & Elton John,0.643,0.939,5,-3.967,1,0.0463,0.104,0.0,0.881,0.756,104.999,audio_features,4v9WbaxW8HdjqfUiWYWsII,spotify:track:4v9WbaxW8HdjqfUiWYWsII,https://api.spotify.com/v1/tracks/4v9WbaxW8HdjqfUiWYWsII,https://api.spotify.com/v1/audio-analysis/4v9WbaxW8HdjqfUiWYWsII,255307,4
46,Fast Car,Luke Combs,0.712,0.603,8,-5.52,1,0.0262,0.186,0.0,0.115,0.67,97.994,audio_features,1Lo0QY9cvc8sUB2vnIOxDT,spotify:track:1Lo0QY9cvc8sUB2vnIOxDT,https://api.spotify.com/v1/tracks/1Lo0QY9cvc8sUB2vnIOxDT,https://api.spotify.com/v1/audio-analysis/1Lo0QY9cvc8sUB2vnIOxDT,265493,4
47,Lose Control,Teddy Swims,0.561,0.604,9,-4.409,1,0.0337,0.199,1.9e-05,0.104,0.242,159.92,audio_features,6usohdchdzW9oML7VC4Uhk,spotify:track:6usohdchdzW9oML7VC4Uhk,https://api.spotify.com/v1/tracks/6usohdchdzW9oML7VC4Uhk,https://api.spotify.com/v1/audio-analysis/6usohdchdzW9oML7VC4Uhk,210689,3
48,Is It Over Now? (Taylor's Version) [From The Vault],Taylor Swift,0.596,0.658,0,-7.346,1,0.036,0.0504,0.0,0.127,0.176,100.012,audio_features,1Iq8oo9XkmmvCQiGOfORiz,spotify:track:1Iq8oo9XkmmvCQiGOfORiz,https://api.spotify.com/v1/tracks/1Iq8oo9XkmmvCQiGOfORiz,https://api.spotify.com/v1/audio-analysis/1Iq8oo9XkmmvCQiGOfORiz,229478,4
49,(There's No Place Like) Home For The Holidays (1954),Perry Como With Mitchell Ayers And His Orchestra,0.694,0.183,0,-13.159,1,0.0331,0.93,0.0,0.289,0.688,77.893,audio_features,0ZamzoOYLzRxE3WuOb5J3r,spotify:track:0ZamzoOYLzRxE3WuOb5J3r,https://api.spotify.com/v1/tracks/0ZamzoOYLzRxE3WuOb5J3r,https://api.spotify.com/v1/audio-analysis/0ZamzoOYLzRxE3WuOb5J3r,173400,4
50,Lil Boo Thang,Paul Russell,0.85,0.699,0,-3.292,1,0.0776,0.152,0.0,0.32,0.915,114.481,audio_features,0cVyQfDyRnMJ0V3rjjdlU3,spotify:track:0cVyQfDyRnMJ0V3rjjdlU3,https://api.spotify.com/v1/tracks/0cVyQfDyRnMJ0V3rjjdlU3,https://api.spotify.com/v1/audio-analysis/0cVyQfDyRnMJ0V3rjjdlU3,114234,4
51,Rich Baby Daddy,Drake Featuring Sexyy Red & SZA,0.645,0.729,2,-4.56,1,0.0528,0.0377,0.0,0.384,0.142,146.01,audio_features,1yeB8MUNeLo9Ek1UEpsyz6,spotify:track:1yeB8MUNeLo9Ek1UEpsyz6,https://api.spotify.com/v1/tracks/1yeB8MUNeLo9Ek1UEpsyz6,https://api.spotify.com/v1/audio-analysis/1yeB8MUNeLo9Ek1UEpsyz6,319192,4
52,FTCU,Nicki Minaj,0.928,0.458,11,-6.751,1,0.187,0.0175,0.000446,0.118,0.242,144.995,audio_features,1a73gcEg6h6Re6hHXoVltJ,spotify:track:1a73gcEg6h6Re6hHXoVltJ,https://api.spotify.com/v1/tracks/1a73gcEg6h6Re6hHXoVltJ,https://api.spotify.com/v1/audio-analysis/1a73gcEg6h6Re6hHXoVltJ,172138,4
53,Stick Season,Noah Kahan,0.662,0.488,9,-6.894,1,0.0682,0.782,0.0,0.102,0.817,117.913,audio_features,0mflMxspEfB0VbI1kyLiAv,spotify:track:0mflMxspEfB0VbI1kyLiAv,https://api.spotify.com/v1/tracks/0mflMxspEfB0VbI1kyLiAv,https://api.spotify.com/v1/audio-analysis/0mflMxspEfB0VbI1kyLiAv,182347,4
54,Everybody,Nicki Minaj Featuring Lil Uzi Vert,0.645,0.795,7,-12.095,1,0.0527,0.347,0.00389,0.104,0.535,112.067,audio_features,4RvWPyQ5RL0ao9LPZeSouE,spotify:track:4RvWPyQ5RL0ao9LPZeSouE,https://api.spotify.com/v1/tracks/4RvWPyQ5RL0ao9LPZeSouE,https://api.spotify.com/v1/audio-analysis/4RvWPyQ5RL0ao9LPZeSouE,251489,4
55,White Horse,Chris Stapleton,0.353,0.77,1,-11.066,0,0.0493,0.0016,0.598,0.109,0.224,145.225,audio_features,7MSWxMumjz6lHj7oRApNbg,spotify:track:7MSWxMumjz6lHj7oRApNbg,https://api.spotify.com/v1/tracks/7MSWxMumjz6lHj7oRApNbg,https://api.spotify.com/v1/audio-analysis/7MSWxMumjz6lHj7oRApNbg,267893,4
56,First Person Shooter,Drake Featuring J. Cole,0.47,0.64,2,-7.779,1,0.32,0.0277,0.0,0.382,0.248,163.92,audio_features,7aqfrAY2p9BUSiupwk3svU,spotify:track:7aqfrAY2p9BUSiupwk3svU,https://api.spotify.com/v1/tracks/7aqfrAY2p9BUSiupwk3svU,https://api.spotify.com/v1/audio-analysis/7aqfrAY2p9BUSiupwk3svU,247444,4
57,Used To Be Young,Miley Cyrus,0.451,0.632,4,-3.843,1,0.0475,0.6,0.0,0.139,0.455,147.06,audio_features,41WQUSINanQHfhfKpFDsms,spotify:track:41WQUSINanQHfhfKpFDsms,https://api.spotify.com/v1/tracks/41WQUSINanQHfhfKpFDsms,https://api.spotify.com/v1/audio-analysis/41WQUSINanQHfhfKpFDsms,190461,4
58,Houdini,Dua Lipa,0.744,0.789,9,-4.876,0,0.059,0.0036,0.00144,0.0947,0.866,116.985,audio_features,4OMJGnvZfDvsePyCwRGO7X,spotify:track:4OMJGnvZfDvsePyCwRGO7X,https://api.spotify.com/v1/tracks/4OMJGnvZfDvsePyCwRGO7X,https://api.spotify.com/v1/audio-analysis/4OMJGnvZfDvsePyCwRGO7X,185918,4
59,Good Good,"Usher, Summer Walker & 21 Savage",0.753,0.669,7,-4.914,0,0.104,0.0378,0.0,0.122,0.584,140.948,audio_features,0J1YRLYhTG1MBosjidD7OI,spotify:track:0J1YRLYhTG1MBosjidD7OI,https://api.spotify.com/v1/tracks/0J1YRLYhTG1MBosjidD7OI,https://api.spotify.com/v1/audio-analysis/0J1YRLYhTG1MBosjidD7OI,247469,4
60,World On Fire,Nate Smith,0.461,0.887,11,-4.871,0,0.0429,0.000219,0.0,0.104,0.411,95.964,audio_features,5ya0TmUQw2wHMkq36rPsnd,spotify:track:5ya0TmUQw2wHMkq36rPsnd,https://api.spotify.com/v1/tracks/5ya0TmUQw2wHMkq36rPsnd,https://api.spotify.com/v1/audio-analysis/5ya0TmUQw2wHMkq36rPsnd,189987,4
61,La Diabla,Xavi,0.751,0.819,11,-4.372,0,0.0409,0.255,0.0,0.236,0.697,131.842,audio_features,0R6NfOiLzLj4O5VbYSJAjf,spotify:track:0R6NfOiLzLj4O5VbYSJAjf,https://api.spotify.com/v1/tracks/0R6NfOiLzLj4O5VbYSJAjf,https://api.spotify.com/v1/audio-analysis/0R6NfOiLzLj4O5VbYSJAjf,172264,3
62,Pretty Little Poison,Warren Zeiders,0.518,0.557,1,-4.839,1,0.0332,0.0258,2.46e-06,0.156,0.216,111.865,audio_features,2gT2iF1YK5r54A2PDEXVv8,spotify:track:2gT2iF1YK5r54A2PDEXVv8,https://api.spotify.com/v1/tracks/2gT2iF1YK5r54A2PDEXVv8,https://api.spotify.com/v1/audio-analysis/2gT2iF1YK5r54A2PDEXVv8,218160,3
63,On My Mama,Victoria Monet,0.481,0.539,4,-7.865,0,0.108,0.551,0.00539,0.12,0.621,153.277,audio_features,1o8Z7GD1CeOaVBEyuzu4HO,spotify:track:1o8Z7GD1CeOaVBEyuzu4HO,https://api.spotify.com/v1/tracks/1o8Z7GD1CeOaVBEyuzu4HO,https://api.spotify.com/v1/audio-analysis/1o8Z7GD1CeOaVBEyuzu4HO,186678,4
64,My Love Mine All Mine,Mitski,0.504,0.308,9,-14.958,1,0.0321,0.868,0.135,0.158,0.121,113.95,audio_features,3vkCueOmm7xQDoJ17W1Pm3,spotify:track:3vkCueOmm7xQDoJ17W1Pm3,https://api.spotify.com/v1/tracks/3vkCueOmm7xQDoJ17W1Pm3,https://api.spotify.com/v1/audio-analysis/3vkCueOmm7xQDoJ17W1Pm3,137773,4
65,Exes,Tate McRae,0.838,0.569,5,-6.324,0,0.0621,0.152,0.000136,0.102,0.551,136.965,audio_features,0HD8mbiPjp3o94X3EaZp0o,spotify:track:0HD8mbiPjp3o94X3EaZp0o,https://api.spotify.com/v1/tracks/0HD8mbiPjp3o94X3EaZp0o,https://api.spotify.com/v1/audio-analysis/0HD8mbiPjp3o94X3EaZp0o,159400,4
66,Surround Sound,JID Featuring 21 Savage & Baby Tate,0.575,0.56,5,-7.302,1,0.478,0.173,0.0,0.257,0.471,75.956,audio_features,1udwFobQ1JoOdWPQrp2b6u,spotify:track:1udwFobQ1JoOdWPQrp2b6u,https://api.spotify.com/v1/tracks/1udwFobQ1JoOdWPQrp2b6u,https://api.spotify.com/v1/audio-analysis/1udwFobQ1JoOdWPQrp2b6u,229938,4
67,Monaco,Bad Bunny,0.787,0.621,4,-5.009,0,0.068,0.15,0.000402,0.58,0.13,139.056,audio_features,4MjDJD8cW7iVeWInc2Bdyj,spotify:track:4MjDJD8cW7iVeWInc2Bdyj,https://api.spotify.com/v1/tracks/4MjDJD8cW7iVeWInc2Bdyj,https://api.spotify.com/v1/audio-analysis/4MjDJD8cW7iVeWInc2Bdyj,267194,4
68,Strangers,Kenya Grace,0.628,0.523,11,-8.307,0,0.0946,0.701,0.00274,0.219,0.416,169.982,audio_features,5mjYQaktjmjcMKcUIcqz4s,spotify:track:5mjYQaktjmjcMKcUIcqz4s,https://api.spotify.com/v1/tracks/5mjYQaktjmjcMKcUIcqz4s,https://api.spotify.com/v1/audio-analysis/5mjYQaktjmjcMKcUIcqz4s,172965,4
69,You Broke My Heart,Drake,0.465,0.7,10,-5.163,0,0.0893,0.203,0.0,0.299,0.276,120.854,audio_features,5Se32hEA9raeboZerywxka,spotify:track:5Se32hEA9raeboZerywxka,https://api.spotify.com/v1/tracks/5Se32hEA9raeboZerywxka,https://api.spotify.com/v1/audio-analysis/5Se32hEA9raeboZerywxka,230709,4
70,Get Him Back!,Olivia Rodrigo,0.546,0.846,5,-5.719,1,0.181,0.0135,0.0,0.607,0.74,162.043,audio_features,2gyxAWHebV7xPYVxqoi86f,spotify:track:2gyxAWHebV7xPYVxqoi86f,https://api.spotify.com/v1/tracks/2gyxAWHebV7xPYVxqoi86f,https://api.spotify.com/v1/audio-analysis/2gyxAWHebV7xPYVxqoi86f,211141,4
71,IDGAF,Drake Featuring Yeat,0.663,0.67,8,-8.399,1,0.271,0.0464,8.92e-05,0.205,0.138,136.952,audio_features,2YSzYUF3jWqb9YP9VXmpjE,spotify:track:2YSzYUF3jWqb9YP9VXmpjE,https://api.spotify.com/v1/tracks/2YSzYUF3jWqb9YP9VXmpjE,https://api.spotify.com/v1/audio-analysis/2YSzYUF3jWqb9YP9VXmpjE,260111,4
72,Harley Quinn,Fuerza Regida & Marshmello,0.815,0.741,1,-6.04,1,0.0569,0.0277,0.0183,0.219,0.591,125.031,audio_features,6CvTEtGagmzQvkUzzyKR9k,spotify:track:6CvTEtGagmzQvkUzzyKR9k,https://api.spotify.com/v1/tracks/6CvTEtGagmzQvkUzzyKR9k,https://api.spotify.com/v1/audio-analysis/6CvTEtGagmzQvkUzzyKR9k,143327,4
73,Wild Ones,Jessie Murph & Jelly Roll,0.65,0.689,0,-3.543,1,0.0449,0.0878,0.0,0.172,0.294,136.03,audio_features,2kE2HFBFkJ0VMw3igxYohz,spotify:track:2kE2HFBFkJ0VMw3igxYohz,https://api.spotify.com/v1/tracks/2kE2HFBFkJ0VMw3igxYohz,https://api.spotify.com/v1/audio-analysis/2kE2HFBFkJ0VMw3igxYohz,142520,4
74,Bellakeo,Peso Pluma & Anitta,0.72,0.88,9,-2.834,1,0.101,0.0562,0.06,0.153,0.463,180.011,audio_features,05WVKTdZhlIMX4qqMLuo0f,spotify:track:05WVKTdZhlIMX4qqMLuo0f,https://api.spotify.com/v1/tracks/05WVKTdZhlIMX4qqMLuo0f,https://api.spotify.com/v1/audio-analysis/05WVKTdZhlIMX4qqMLuo0f,197333,4
75,Truck Bed,HARDY,0.662,0.77,0,-4.887,1,0.0367,0.0875,0.0,0.35,0.769,132.057,audio_features,73NzYbpaYvQ7JfpjztFESL,spotify:track:73NzYbpaYvQ7JfpjztFESL,https://api.spotify.com/v1/tracks/73NzYbpaYvQ7JfpjztFESL,https://api.spotify.com/v1/audio-analysis/73NzYbpaYvQ7JfpjztFESL,167535,4
76,Save Me The Trouble,Dan + Shay,0.444,0.629,9,-4.435,1,0.0318,0.00544,0.0,0.271,0.376,134.931,audio_features,7hZTywPKMdVjJzwdWu11BK,spotify:track:7hZTywPKMdVjJzwdWu11BK,https://api.spotify.com/v1/tracks/7hZTywPKMdVjJzwdWu11BK,https://api.spotify.com/v1/audio-analysis/7hZTywPKMdVjJzwdWu11BK,200347,3
77,Jingle Bells,Meghan Trainor,0.706,0.383,8,-11.44,1,0.0342,0.758,0.0,0.0608,0.87,86.997,audio_features,4KV9bM7a1KDc7b7OakFZic,spotify:track:4KV9bM7a1KDc7b7OakFZic,https://api.spotify.com/v1/tracks/4KV9bM7a1KDc7b7OakFZic,https://api.spotify.com/v1/audio-analysis/4KV9bM7a1KDc7b7OakFZic,122160,4
78,La Victima,Xavi,0.778,0.835,11,-3.598,0,0.0767,0.152,0.0,0.109,0.666,140.082,audio_features,5XVdHRf4CAJ2Jm0uMIy5qY,spotify:track:5XVdHRf4CAJ2Jm0uMIy5qY,https://api.spotify.com/v1/tracks/5XVdHRf4CAJ2Jm0uMIy5qY,https://api.spotify.com/v1/audio-analysis/5XVdHRf4CAJ2Jm0uMIy5qY,156346,4
79,Where The Wild Things Are,Luke Combs,0.708,0.731,3,-4.872,1,0.0345,0.0189,4.47e-06,0.129,0.379,116.975,audio_features,0eBFgRxyVSeuT4iyrbukdn,spotify:track:0eBFgRxyVSeuT4iyrbukdn,https://api.spotify.com/v1/tracks/0eBFgRxyVSeuT4iyrbukdn,https://api.spotify.com/v1/audio-analysis/0eBFgRxyVSeuT4iyrbukdn,239533,4
80,Qlona,Karol G & Peso Pluma,0.842,0.756,7,-7.409,0,0.338,0.525,2.21e-06,0.0871,0.421,169.925,audio_features,3XB5uhhlYSnkxpSihkNQwh,spotify:track:3XB5uhhlYSnkxpSihkNQwh,https://api.spotify.com/v1/tracks/3XB5uhhlYSnkxpSihkNQwh,https://api.spotify.com/v1/audio-analysis/3XB5uhhlYSnkxpSihkNQwh,172798,4
81,You're Losing Me (From The Vault),Taylor Swift,0.747,0.391,0,-13.767,1,0.052,0.529,0.003,0.111,0.195,102.984,audio_features,3CWq0pAKKTWb0K4yiglDc4,spotify:track:3CWq0pAKKTWb0K4yiglDc4,https://api.spotify.com/v1/tracks/3CWq0pAKKTWb0K4yiglDc4,https://api.spotify.com/v1/audio-analysis/3CWq0pAKKTWb0K4yiglDc4,277832,4
82,500lbs,Lil Tecca,0.731,0.667,7,-7.928,0,0.0815,0.134,0.0,0.114,0.485,123.042,audio_features,1xWkeSPhf3bZqHY7Ncz8vp,spotify:track:1xWkeSPhf3bZqHY7Ncz8vp,https://api.spotify.com/v1/tracks/1xWkeSPhf3bZqHY7Ncz8vp,https://api.spotify.com/v1/audio-analysis/1xWkeSPhf3bZqHY7Ncz8vp,144390,4
83,The Painter,Cody Johnson,0.512,0.709,2,-5.766,1,0.0329,0.0415,4.25e-06,0.107,0.261,97.981,audio_features,6UoKX6uLJwhsnyTp5k5StP,spotify:track:6UoKX6uLJwhsnyTp5k5StP,https://api.spotify.com/v1/tracks/6UoKX6uLJwhsnyTp5k5StP,https://api.spotify.com/v1/audio-analysis/6UoKX6uLJwhsnyTp5k5StP,211413,4
84,Never Lose Me,Flo Milli,0.781,0.567,1,-7.857,1,0.0969,0.0504,0.0,0.0981,0.0743,121.964,audio_features,6uTPdRrEDeH8Fyg5L5qmeU,spotify:track:6uTPdRrEDeH8Fyg5L5qmeU,https://api.spotify.com/v1/tracks/6uTPdRrEDeH8Fyg5L5qmeU,https://api.spotify.com/v1/audio-analysis/6uTPdRrEDeH8Fyg5L5qmeU,125902,4
85,Burn It Down,Parker McCollum,0.461,0.718,2,-5.627,1,0.0666,0.139,1.66e-05,0.0968,0.334,162.187,audio_features,09hVlIVHtEE1nLUv6YGZiW,spotify:track:09hVlIVHtEE1nLUv6YGZiW,https://api.spotify.com/v1/tracks/09hVlIVHtEE1nLUv6YGZiW,https://api.spotify.com/v1/audio-analysis/09hVlIVHtEE1nLUv6YGZiW,233869,4
86,Winter Wonderland,Chloe,0.462,0.474,8,-5.938,1,0.0472,0.643,0.0,0.0812,0.387,123.648,audio_features,1GjQLnGAfpv3rWW1K9Ll8p,spotify:track:1GjQLnGAfpv3rWW1K9Ll8p,https://api.spotify.com/v1/tracks/1GjQLnGAfpv3rWW1K9Ll8p,https://api.spotify.com/v1/audio-analysis/1GjQLnGAfpv3rWW1K9Ll8p,149453,4
87,Segun Quien,Maluma & Carin Leon,0.909,0.762,9,-3.974,1,0.0643,0.434,0.0,0.0856,0.843,101.987,audio_features,6fNCrsrdIcgVd2aZZ0nnz4,spotify:track:6fNCrsrdIcgVd2aZZ0nnz4,https://api.spotify.com/v1/tracks/6fNCrsrdIcgVd2aZZ0nnz4,https://api.spotify.com/v1/audio-analysis/6fNCrsrdIcgVd2aZZ0nnz4,142335,3
88,Needle,Nicki Minaj Featuring Drake,0.807,0.593,7,-7.304,1,0.104,0.316,0.00083,0.137,0.323,110.001,audio_features,4I4G0LD277PWvfblYtSf91,spotify:track:4I4G0LD277PWvfblYtSf91,https://api.spotify.com/v1/tracks/4I4G0LD277PWvfblYtSf91,https://api.spotify.com/v1/audio-analysis/4I4G0LD277PWvfblYtSf91,235689,4
89,DJ Play A Christmas Song,Cher,0.533,0.76,11,-7.256,0,0.121,0.157,0.0,0.614,0.466,133.916,audio_features,2ljUUoqlnRUGGa7bmpvevC,spotify:track:2ljUUoqlnRUGGa7bmpvevC,https://api.spotify.com/v1/tracks/2ljUUoqlnRUGGa7bmpvevC,https://api.spotify.com/v1/audio-analysis/2ljUUoqlnRUGGa7bmpvevC,209107,4
90,Mind On You,George Birge,0.576,0.815,10,-3.999,0,0.0267,0.142,0.0,0.267,0.56,130.032,audio_features,7rr3gguU3TcVnLZD9VzASE,spotify:track:7rr3gguU3TcVnLZD9VzASE,https://api.spotify.com/v1/tracks/7rr3gguU3TcVnLZD9VzASE,https://api.spotify.com/v1/audio-analysis/7rr3gguU3TcVnLZD9VzASE,177920,4
91,Lace It,"Juice WRLD, Eminem & benny blanco",0.773,0.597,2,-7.138,1,0.309,0.194,0.0,0.22,0.305,160.101,audio_features,4qmG24ebshLXtKu9HIShBP,spotify:track:4qmG24ebshLXtKu9HIShBP,https://api.spotify.com/v1/tracks/4qmG24ebshLXtKu9HIShBP,https://api.spotify.com/v1/audio-analysis/4qmG24ebshLXtKu9HIShBP,217527,4
92,Hey Driver,Zach Bryan Featuring The War And Treaty,0.583,0.351,0,-5.836,1,0.0306,0.494,0.0,0.368,0.462,79.014,audio_features,4pCbJC43j3gSqG6Fen6upD,spotify:track:4pCbJC43j3gSqG6Fen6upD,https://api.spotify.com/v1/tracks/4pCbJC43j3gSqG6Fen6upD,https://api.spotify.com/v1/audio-analysis/4pCbJC43j3gSqG6Fen6upD,227467,4
93,Feather,Sabrina Carpenter,0.787,0.686,6,-4.37,0,0.0339,0.0893,0.0,0.0927,0.836,123.51,audio_features,2Zo1PcszsT9WQ0ANntJbID,spotify:track:2Zo1PcszsT9WQ0ANntJbID,https://api.spotify.com/v1/tracks/2Zo1PcszsT9WQ0ANntJbID,https://api.spotify.com/v1/audio-analysis/2Zo1PcszsT9WQ0ANntJbID,185553,4
94,Can't Catch Me Now,Olivia Rodrigo,0.521,0.366,11,-7.698,0,0.034,0.838,4.11e-06,0.12,0.225,141.965,audio_features,56xHMIfQPoe0prrSi3BGhf,spotify:track:56xHMIfQPoe0prrSi3BGhf,https://api.spotify.com/v1/tracks/56xHMIfQPoe0prrSi3BGhf,https://api.spotify.com/v1/audio-analysis/56xHMIfQPoe0prrSi3BGhf,205484,4
95,El Amor de Su Vida,Grupo Frontera & Grupo Firme,0.616,0.834,9,-3.069,1,0.0664,0.06,0.0,0.338,0.746,151.701,audio_features,0O3U5iwTbiXCREMkvotJuN,spotify:track:0O3U5iwTbiXCREMkvotJuN,https://api.spotify.com/v1/tracks/0O3U5iwTbiXCREMkvotJuN,https://api.spotify.com/v1/audio-analysis/0O3U5iwTbiXCREMkvotJuN,165848,4
96,Standing Next To You,Jung Kook,0.711,0.809,2,-4.389,0,0.0955,0.0447,0.0,0.339,0.816,106.017,audio_features,2KslE17cAJNHTsI2MI0jb2,spotify:track:2KslE17cAJNHTsI2MI0jb2,https://api.spotify.com/v1/tracks/2KslE17cAJNHTsI2MI0jb2,https://api.spotify.com/v1/audio-analysis/2KslE17cAJNHTsI2MI0jb2,206020,4
97,Man Made A Bar,Morgan Wallen Featuring Eric Church,0.498,0.764,4,-5.006,1,0.0309,0.123,3.07e-05,0.119,0.489,147.984,audio_features,73zawW1ttszLRgT9By826D,spotify:track:73zawW1ttszLRgT9By826D,https://api.spotify.com/v1/tracks/73zawW1ttszLRgT9By826D,https://api.spotify.com/v1/audio-analysis/73zawW1ttszLRgT9By826D,191231,4
98,Que Onda,Calle 24 x Chino Pacas x Fuerza Regida,0.808,0.944,10,-4.863,0,0.0408,0.183,1.11e-06,0.138,0.937,124.934,audio_features,6uIIdjYTxxpWOyWuVXrKQO,spotify:track:6uIIdjYTxxpWOyWuVXrKQO,https://api.spotify.com/v1/tracks/6uIIdjYTxxpWOyWuVXrKQO,https://api.spotify.com/v1/audio-analysis/6uIIdjYTxxpWOyWuVXrKQO,191467,3
99,Great Gatsby,Rod Wave,0.67,0.555,1,-9.12,0,0.0908,0.0382,6.36e-06,0.414,0.16,156.937,audio_features,4M68xjcc42oxyphhzpOWXS,spotify:track:4M68xjcc42oxyphhzpOWXS,https://api.spotify.com/v1/tracks/4M68xjcc42oxyphhzpOWXS,https://api.spotify.com/v1/audio-analysis/4M68xjcc42oxyphhzpOWXS,146808,4
